-- ==========================================
-- 1. СТВОРЕННЯ ТАБЛИЦЬ
-- ==========================================

CREATE TABLE "Users" (
    "UserId" INT GENERATED BY DEFAULT AS IDENTITY PRIMARY KEY,
    "UserLogin" VARCHAR(50) NOT NULL UNIQUE,
    "UserPassword" VARCHAR(50) NOT NULL,
    "FirstName" VARCHAR(50) NOT NULL,
    "LastName" VARCHAR(50) NOT NULL,
    "Email" VARCHAR(100) NOT NULL UNIQUE,
    "Phone" VARCHAR(16) NOT NULL UNIQUE CHECK ("Phone" LIKE '+__-___-___-____'),
    "RegistrationDate" TIMESTAMP NOT NULL DEFAULT CURRENT_TIMESTAMP,
    "Role" VARCHAR(50) NOT NULL
);

CREATE TABLE "Menu" (
    "MenuItemID" INT GENERATED BY DEFAULT AS IDENTITY PRIMARY KEY,
    "ItemName" VARCHAR(100) NOT NULL,
    "Description" VARCHAR(255),
    "Price" NUMERIC(10, 2) NOT NULL,
    "Weight" NUMERIC(10, 2) NOT NULL,
    "Category" VARCHAR(50) NOT NULL,
    "IsAvailable" BOOLEAN DEFAULT TRUE
);

CREATE TABLE "Orders" (
    "OrderId" INT GENERATED BY DEFAULT AS IDENTITY PRIMARY KEY,
    "UserId" INT NOT NULL REFERENCES "Users"("UserId") ON DELETE CASCADE,
    "OrderName" VARCHAR(100) NOT NULL,
    "OrderCount" INT NOT NULL,
    "OrderDate" TIMESTAMP NOT NULL DEFAULT CURRENT_TIMESTAMP,
    "Price" NUMERIC(10, 2) NOT NULL,
    "Status" VARCHAR(50) NOT NULL
);

-- ==========================================
-- 2. ВСТАВКА ДАНИХ
-- ==========================================

-- Дані таблиці Users
INSERT INTO "Users" ("UserId", "UserLogin", "UserPassword", "FirstName", "LastName", "Email", "Phone", "RegistrationDate", "Role") VALUES 
(1, 'user', 'user', 'user', 'user', 'user@gmail.com', '+38-064-639-7402', '2024-11-05 01:20:15.070', 'user'),
(9, 'admin', 'admin', 'admin', 'admin', 'admin@gmail.com', '+38-075-740-8513', '2024-11-05 01:30:25.460', 'admin'),
(10, 'employee', 'employee', 'employee', 'employee', 'employee@gmail.com', '+38-053-528-6391', '2024-11-05 01:34:07.140', 'employee'),
(12, 'user2', 'user2', 'user2', 'user2', 'user2@gmail.com', '+38-020-295-4068', '2024-11-05 13:42:57.787', 'user');

-- Дані таблиці Menu
INSERT INTO "Menu" ("MenuItemID", "ItemName", "Description", "Price", "Weight", "Category", "IsAvailable") VALUES 
(1, 'Грецький', 'Мікс салату, овочі, сир фета, оливки, грецька заправка, соус бальзамік', 75.00, 300.00, 'Салати', TRUE),
(2, 'Гарбузовий крем-суп', 'Гарбузовий крем суп на основі курячого бульйону з додаванням овочів та вершків. Подається з бальзамічним соусом, сиром фета та насінням гарбуза.', 80.00, 300.00, 'Перші страви', TRUE),
(3, 'Брускета з лососем', 'Цільнозерновий хліб, вершковий мус, авокадо, слабосолений лосось, салат чука, яйце, рукола, помідор чері, кунжут, соус песто.', 165.00, 260.00, 'Основні страви', TRUE),
(4, 'Картопля по-селянськи', 'Подається з беконом', 40.00, 260.00, 'Гарніри', TRUE),
(5, 'Капричоза', 'Томатний соус, сир моцарела, гриби печериці, шинка, маслини.', 140.00, 490.00, 'Піца', TRUE),
(6, 'Бургер Beef & Сheese', 'Листя салату, соус блю чіз, котлета з яловичини, сир камамбер, малиновий соус. Подається з соусом BBQ та картоплею фрі', 200.00, 300.00, 'Бургери', TRUE),
(7, 'Сирні палички', 'Подаються з малиновим соусом', 80.00, 150.00, 'Закуски', TRUE),
(8, 'Мусове тістечко', 'Печиво савоярді, ром, кава, мус на основі вершків та білого шоколаду, білий шоколад.', 115.00, 120.00, 'Десерти', TRUE),
(9, 'Сяке Футомакі', 'Філе лосося, сир філадельфія, зелена цибуля, японський омлет, водорості норі, рис, васабі, імбир', 135.00, 240.00, 'Футомакі', TRUE),
(10, 'Каліфорнія унагі', 'Вугор, окуль, авокадо, огірок, японський майонез, ікра тобіко, кунжут, соус унагі, водорості норі, рис, васабі та імбир.', 200.00, 260.00, 'Каліфорнія', TRUE),
(11, 'Креветка Фламбе', 'Креветка, авокадо, ікра тобіко, сир філадельфія, водорості норі, рис, васабі, імбир', 200.00, 255.00, 'Філадельфія', TRUE),
(12, 'Ф''южн з тунцем', 'Філе тунця (фламбоване), сир філадельфія, огірок, японський омлет, зелена цибуля, соус унагі та соус з тунця, водорості норі, рис, васабі, імбир.', 180.00, 330.00, 'Оригінальні', TRUE),
(14, 'Золотий Дракон', 'Вугор, лосось, авокадо, сир філадельфія, ікра тобіко, соус унагі, кунжут, водорості норі, рис, васабі, імбир', 285.00, 290.00, 'Дракони', TRUE),
(15, 'Філадельфія', 'Роли з лососем в середині та зверху, тунцем, мідіями,', 650.00, 1115.00, 'Сети', TRUE),
(16, 'Еспресо', NULL, 35.00, 40.00, 'Кава', TRUE),
(17, 'Чай у заварнику', 'Фруктовий', 50.00, 500.00, 'Чай', TRUE),
(18, 'Малиновий', 'Малинове пюре, морозиво, молоко та малиновий сироп.', 100.00, 450.00, 'Мілкшейки', TRUE),
(19, 'Апельсиновий', NULL, 100.00, 250.00, 'Фреш', TRUE),
(20, 'Малина-вишня', 'Вишневий сік, малинове пюре, лимонний фреш.', 65.00, 300.00, 'Лимонади', TRUE),
(21, 'Диня-маракуя', 'свіжа диня, сироп маракуйа, сік персика', 75.00, 250.00, 'Смузі', TRUE),
(22, 'Moxito', NULL, 60.00, 300.00, 'Холодні напої', TRUE),
(23, 'Дункель', 'Пиво фільтроване, темне', 40.00, 330.00, 'Пиво', TRUE),
(24, 'Глінтвейн', 'Червоне вино, золотий ром, аператіво, лікер амаро аверна, апельсин, кориця та спеції', 70.00, 200.00, 'Гарячі напої', TRUE),
(25, 'Kristy Valley', 'Червоне сухе', 60.00, 100.00, 'Вино', TRUE),
(26, 'Lemon chill', 'Джин лимонний, ананасовий сік, лимонний фреш, сироп бузини.', 120.00, 140.00, 'Алкогольні коктелі', TRUE),
(27, 'Hennessy Very Special', NULL, 240.00, 50.00, 'Бренді', TRUE),
(28, 'Zubrowka Biala', NULL, 35.00, 50.00, 'Горілка', TRUE),
(29, 'Gordon`s Mediterranean Orange', NULL, 110.00, 50.00, 'Джин', TRUE),
(30, 'Jarana Reposado', NULL, 95.00, 50.00, 'Текіла', TRUE),
(31, 'Captain Morgan Original Spiced Gold', NULL, 80.00, 50.00, 'Ром', TRUE),
(32, 'Bulleit', NULL, 155.00, 50.00, 'Віскі', TRUE),
(38, 'Цезар з куркою', 'Класичний салат з куркою, грінками та сиром пармезан', 150.00, 250.00, 'Салати', TRUE),
(39, 'Цезар з креветками', 'Салат з креветками, соусом Цезар і пармезаном', 180.00, 250.00, 'Салати', TRUE),
(40, 'Грецький салат', 'Салат із свіжих овочів, сиру фета та оливок', 130.00, 300.00, 'Салати', TRUE),
(41, 'Олів’є', 'Традиційний салат з овочами, м’ясом і майонезом', 100.00, 200.00, 'Салати', TRUE),
(42, 'Вінегрет', 'Салат з буряком, картоплею, горошком та огірком', 90.00, 250.00, 'Салати', TRUE),
(43, 'Борщ український', 'Традиційний борщ з буряком, м’ясом та сметаною', 90.00, 300.00, 'Перші страви', TRUE),
(44, 'Курячий суп', 'Легкий бульйон з куркою та локшиною', 70.00, 250.00, 'Перші страви', TRUE),
(45, 'Солянка', 'Насичений суп з м’ясом, оливками та лимоном', 120.00, 300.00, 'Перші страви', TRUE),
(46, 'Суп-пюре з грибами', 'Крем-суп з печерицями та вершками', 100.00, 250.00, 'Перші страви', TRUE),
(47, 'Суп з фрикадельками', 'Домашній суп з м’ясними фрикадельками', 80.00, 300.00, 'Перші страви', TRUE),
(48, 'Стейк з яловичини', 'Соковитий стейк з мармурової яловичини', 300.00, 350.00, 'Основні страви', TRUE),
(49, 'Куряче філе гриль', 'Куряче філе з ароматними спеціями', 180.00, 250.00, 'Основні страви', TRUE),
(50, 'Риба під соусом', 'Запечена риба з вершковим соусом', 240.00, 300.00, 'Основні страви', TRUE),
(51, 'Котлета по-київськи', 'Куряча котлета з маслом і зеленню', 220.00, 280.00, 'Основні страви', TRUE),
(52, 'Паста Карбонара', 'Паста зі сметанним соусом, беконом і пармезаном', 200.00, 300.00, 'Основні страви', TRUE),
(53, 'Ризото з грибами', 'Рис з грибами, приготований в італійському стилі', 170.00, 250.00, 'Основні страви', TRUE),
(54, 'Картопля фрі', 'Хрустка картопля фрі з кетчупом', 70.00, 150.00, 'Гарніри', TRUE),
(55, 'Рис з овочами', 'Рис, тушкований з овочами', 60.00, 200.00, 'Гарніри', TRUE),
(56, 'Овочі гриль', 'Асорті з овочів, приготованих на грилі', 80.00, 150.00, 'Гарніри', TRUE),
(57, 'Пюре картопляне', 'Класичне картопляне пюре', 50.00, 250.00, 'Гарніри', TRUE),
(58, 'Кукурудза гриль', 'Качан кукурудзи, запечений на грилі', 90.00, 200.00, 'Гарніри', TRUE),
(59, 'Маргарита', 'Піца з томатним соусом і моцарелою', 180.00, 500.00, 'Піца', TRUE),
(60, 'Пепероні', 'Піца з пепероні та моцарелою', 200.00, 550.00, 'Піца', TRUE),
(61, 'Гавайська', 'Піца з шинкою, ананасами та сиром', 210.00, 550.00, 'Піца', TRUE),
(62, '4 Сири', 'Піца з пармезаном, моцарелою, дорблю та ементалем', 220.00, 550.00, 'Піца', TRUE),
(63, 'Діабло', 'Гостра піца з салямі, перцем чилі та моцарелою', 230.00, 550.00, 'Піца', TRUE),
(64, 'Бургер BBQ', 'Бургер з беконом і соусом BBQ', 200.00, 300.00, 'Бургери', TRUE),
(65, 'Чізбургер', 'Бургер з яловичиною, сиром і овочами', 180.00, 300.00, 'Бургери', TRUE),
(66, 'Веган бургер', 'Бургер з нутовою котлетою та овочами', 160.00, 250.00, 'Бургери', TRUE),
(67, 'Курячий бургер', 'Курячий бургер з соусом ранч', 150.00, 300.00, 'Бургери', TRUE),
(68, 'Дабл-чізбургер', 'Бургер з подвійним сиром і котлетою', 220.00, 350.00, 'Бургери', TRUE),
(69, 'Курячі нагетси', 'Хрусткі курячі нагетси з соусом', 120.00, 200.00, 'Закуски', TRUE),
(70, 'Кальмари фрі', 'Кальмари у фритюрі з соусом тартар', 150.00, 150.00, 'Закуски', TRUE),
(71, 'Крильця BBQ', 'Курячі крильця з соусом BBQ', 170.00, 300.00, 'Закуски', TRUE),
(72, 'Моцарела в клярі', 'Сир моцарела, обсмажений в клярі', 140.00, 200.00, 'Закуски', TRUE),
(73, 'Сирна тарілка', 'Асорті сирів з медом та горіхами', 200.00, 250.00, 'Закуски', TRUE),
(74, 'Американо', 'Кава з насиченим смаком', 40.00, 150.00, 'Кава', TRUE),
(76, 'Чай зелений', 'Зелений чай з жасмином', 50.00, 200.00, 'Чай', TRUE),
(77, 'Фреш апельсиновий', 'Свіжовижатий сік апельсина', 90.00, 300.00, 'Фреш', TRUE),
(78, 'Лимонад клубничний', 'Освіжаючий напій з полуницею та м’ятою', 70.00, 300.00, 'Лимонади', TRUE),
(79, 'Вино біле напівсухе', 'Біле вино з тонкими фруктовими нотками', 250.00, 150.00, 'Вино', TRUE),
(80, 'Джин-тонік', 'Коктейль з джином і тоніком', 130.00, 200.00, 'Джин', TRUE),
(81, 'Ром Бакарді', 'Ром з насиченим ароматом', 200.00, 50.00, 'Ром', TRUE),
(82, 'Текіла Голд', 'Класична текіла з лаймом і сіллю', 150.00, 50.00, 'Текіла', TRUE),
(83, 'Віскі Джек Деніелс', 'Міцний віскі з димним ароматом', 300.00, 50.00, 'Віскі', TRUE),
(84, 'Чізкейк Нью-Йорк', 'Класичний чізкейк на основі сиру крем-чиз', 150.00, 200.00, 'Десерти', TRUE),
(85, 'Тірамісу', 'Італійський десерт з маскарпоне та кавовим бісквітом', 160.00, 150.00, 'Десерти', TRUE),
(86, 'Наполеон', 'Слоєний торт з кремом', 140.00, 180.00, 'Десерти', TRUE),
(87, 'Панна-кота', 'Вершковий італійський десерт із ягідним соусом', 130.00, 120.00, 'Десерти', TRUE),
(88, 'Шоколадний фондан', 'Гарячий десерт із шоколадним кремом', 170.00, 140.00, 'Десерти', TRUE),
(89, 'Футомакі з лососем', 'Рол із лососем, огірком та авокадо', 220.00, 250.00, 'Футомакі', TRUE),
(90, 'Футомакі з тунцем', 'Рол із тунцем, авокадо та сиром філадельфія', 230.00, 250.00, 'Футомакі', TRUE),
(91, 'Футомакі з вугром', 'Рол із копченим вугром та соусом унагі', 240.00, 250.00, 'Футомакі', TRUE),
(92, 'Футомакі овочевий', 'Рол із овочами та кунжутом', 180.00, 250.00, 'Футомакі', TRUE),
(93, 'Каліфорнія з крабом', 'Рол із крабовим м’ясом, авокадо та ікрою', 200.00, 220.00, 'Каліфорнія', TRUE),
(94, 'Каліфорнія з лососем', 'Рол із лососем, огірком та авокадо', 220.00, 220.00, 'Каліфорнія', TRUE),
(95, 'Каліфорнія з тунцем', 'Рол із тунцем, авокадо та крем-сиром', 230.00, 220.00, 'Каліфорнія', TRUE),
(96, 'Каліфорнія з вугром', 'Рол із вугром, огірком та ікрою', 250.00, 220.00, 'Каліфорнія', TRUE),
(97, 'Філадельфія з лососем', 'Рол із лососем, сиром філадельфія та авокадо', 240.00, 230.00, 'Філадельфія', TRUE),
(98, 'Філадельфія з вугром', 'Рол із копченим вугром та сиром філадельфія', 260.00, 230.00, 'Філадельфія', TRUE),
(99, 'Філадельфія з тунцем', 'Рол із тунцем, сиром філадельфія та огірком', 250.00, 230.00, 'Філадельфія', TRUE),
(100, 'Філадельфія з креветкою', 'Рол із креветкою, сиром філадельфія та авокадо', 230.00, 230.00, 'Філадельфія', TRUE),
(101, 'Рол Райдужний', 'Мікс із лосося, тунця, креветки та авокадо', 270.00, 250.00, 'Оригінальні', TRUE),
(102, 'Рол Зелений Дракон', 'Рол із авокадо, вугром та огірком', 260.00, 250.00, 'Оригінальні', TRUE),
(103, 'Рол Сяюча Зірка', 'Рол із лососем, ікрою та сиром філадельфія', 280.00, 250.00, 'Оригінальні', TRUE),
(104, 'Рол Кокосовий', 'Солодкий рол із кокосовою стружкою та крем-сиром', 200.00, 200.00, 'Оригінальні', TRUE),
(105, 'Зелений Дракон', 'Рол із вугром, авокадо та кунжутом', 260.00, 300.00, 'Дракони', TRUE),
(106, 'Червоний Дракон', 'Рол із лососем, авокадо та сиром філадельфія', 280.00, 300.00, 'Дракони', TRUE),
(107, 'Чорний Дракон', 'Рол із копченим вугром, ікрою та сиром філадельфія', 300.00, 300.00, 'Дракони', TRUE),
(108, 'Золотий Дракон', 'Рол із креветкою темпура, авокадо та соусом унагі', 310.00, 300.00, 'Дракони', TRUE),
(109, 'Сет Лосось', 'Асорті ролів із лососем, сиром філадельфія та ікрою', 800.00, 1000.00, 'Сети', TRUE),
(110, 'Сет Тунець', 'Асорті ролів із тунцем та овочами', 850.00, 1000.00, 'Сети', TRUE),
(111, 'Сет Вугор', 'Асорті ролів із вугром, авокадо та сиром', 900.00, 1000.00, 'Сети', TRUE),
(112, 'Сет Мікс', 'Мікс ролів із лососем, тунцем, креветками та вугром', 950.00, 1200.00, 'Сети', TRUE),
(113, 'Шоколадний мілкшейк', 'Коктейль із шоколадного морозива та молока', 100.00, 300.00, 'Мілкшейки', TRUE),
(114, 'Ванільний мілкшейк', 'Коктейль із ванільного морозива та молока', 90.00, 300.00, 'Мілкшейки', TRUE),
(115, 'Полуничний мілкшейк', 'Коктейль із полуничного морозива та молока', 110.00, 300.00, 'Мілкшейки', TRUE),
(116, 'Банановий мілкшейк', 'Коктейль із бананового морозива та молока', 120.00, 300.00, 'Мілкшейки', TRUE),
(117, 'Апельсиновий фреш', 'Свіжовижатий сік апельсина', 90.00, 300.00, 'Фреш', TRUE),
(118, 'Яблучний фреш', 'Свіжовижатий сік яблука', 80.00, 300.00, 'Фреш', TRUE),
(119, 'Морквяний фреш', 'Свіжовижатий морквяний сік', 70.00, 300.00, 'Фреш', TRUE),
(120, 'Грейпфрутовий фреш', 'Свіжовижатий сік грейпфрута', 100.00, 300.00, 'Фреш', TRUE),
(121, 'Лимонад класичний', 'Освіжаючий лимонад із м’ятою', 60.00, 300.00, 'Лимонади', TRUE),
(122, 'Лимонад малиновий', 'Напій із малиновим сиропом та м’ятою', 70.00, 300.00, 'Лимонади', TRUE),
(123, 'Лимонад манговий', 'Лимонад із сиропом манго', 80.00, 300.00, 'Лимонади', TRUE),
(124, 'Лимонад огірковий', 'Освіжаючий лимонад із огірковим сиропом', 75.00, 300.00, 'Лимонади', TRUE),
(125, 'Смузі Манго-Банан', 'Фруктовий смузі на основі манго та банана', 100.00, 300.00, 'Смузі', TRUE),
(126, 'Смузі Полуниця-Базилік', 'Смузі зі свіжої полуниці та базиліку', 110.00, 300.00, 'Смузі', TRUE),
(127, 'Смузі Яблуко-Ківі', 'Фруктовий смузі зі смаком ківі', 120.00, 300.00, 'Смузі', TRUE),
(128, 'Смузі Шпинат-Апельсин', 'Зелений смузі зі шпинатом та апельсином', 130.00, 300.00, 'Смузі', TRUE),
(129, 'Мінеральна вода', 'Освіжаюча негазована вода', 30.00, 500.00, 'Холодні напої', TRUE),
(130, 'Кола', 'Класичний газований напій', 50.00, 500.00, 'Холодні напої', TRUE),
(131, 'Фанта', 'Газований напій зі смаком апельсина', 50.00, 500.00, 'Холодні напої', TRUE),
(132, 'Спрайт', 'Газований напій зі смаком лимона', 50.00, 500.00, 'Холодні напої', TRUE),
(133, 'Еспресо', 'Класична міцна кава', 40.00, 50.00, 'Кава', TRUE),
(134, 'Капучино', 'Кава з молочною пінкою', 60.00, 200.00, 'Кава', TRUE),
(135, 'Лате', 'Кава з великою кількістю молока', 70.00, 250.00, 'Кава', TRUE),
(136, 'Американо', 'Розведена еспресо', 50.00, 150.00, 'Кава', TRUE),
(137, 'Мокачино', 'Кава з шоколадним сиропом та молоком', 75.00, 250.00, 'Кава', TRUE),
(138, 'Раф кава', 'Кава з вершками та ванільним цукром', 80.00, 250.00, 'Кава', TRUE),
(139, 'Чорний чай', 'Класичний чорний чай', 30.00, 300.00, 'Чай', TRUE),
(140, 'Зелений чай', 'Чай з ніжним ароматом', 35.00, 300.00, 'Чай', TRUE),
(141, 'Чай з жасмином', 'Зелений чай з квітами жасмину', 40.00, 300.00, 'Чай', TRUE),
(142, 'Каркаде', 'Чай із квітів гібіскуса', 45.00, 300.00, 'Чай', TRUE),
(143, 'Імбирний чай', 'Чай з імбиром і лимоном', 50.00, 300.00, 'Чай', TRUE),
(144, 'Каберне Совіньйон', 'Червоне сухе вино', 120.00, 150.00, 'Вино', TRUE),
(145, 'Шардоне', 'Біле сухе вино', 130.00, 150.00, 'Вино', TRUE),
(146, 'Мерло', 'Червоне напівсухе вино', 140.00, 150.00, 'Вино', TRUE),
(147, 'Совіньйон Блан', 'Біле напівсухе вино', 150.00, 150.00, 'Вино', TRUE),
(148, 'Піно Нуар', 'Червоне сухе вино з ніжним ароматом', 160.00, 150.00, 'Вино', TRUE),
(149, 'Мохіто', 'Освіжаючий коктейль із рому, лайма та м’яти', 110.00, 250.00, 'Алкогольні коктелі', TRUE),
(150, 'Піна Колада', 'Коктейль із рому, ананасового соку та кокосового молока', 130.00, 300.00, 'Алкогольні коктелі', TRUE),
(151, 'Маргарита', 'Коктейль із текіли, лаймового соку та тріпл-секу', 120.00, 200.00, 'Алкогольні коктелі', TRUE),
(152, 'Куба Лібре', 'Коктейль із рому, коли та лайма', 100.00, 250.00, 'Алкогольні коктелі', TRUE),
(153, 'Негроні', 'Коктейль із джину, кампарі та вермуту', 140.00, 150.00, 'Алкогольні коктелі', TRUE),
(154, 'Квеврі', 'Грузинський бренді зі смаком винограду', 150.00, 50.00, 'Бренді', TRUE),
(155, 'Арарат 5 зірок', 'Вірменський бренді преміум класу', 200.00, 50.00, 'Бренді', TRUE),
(156, 'Ремі Мартін VSOP', 'Французький коньяк із нотками ванілі', 250.00, 50.00, 'Бренді', TRUE),
(157, 'Курвуазьє XO', 'Елітний французький коньяк із фруктовим післясмаком', 400.00, 50.00, 'Бренді', TRUE),
(158, 'Nemiroff De Luxe', 'Українська горілка преміум класу', 90.00, 50.00, 'Горілка', TRUE),
(159, 'Finlandia', 'Фінська горілка з чистою фільтрацією', 120.00, 50.00, 'Горілка', TRUE),
(160, 'Grey Goose', 'Елітна французька горілка', 250.00, 50.00, 'Горілка', TRUE),
(161, 'Beluga', 'Преміальна російська горілка', 200.00, 50.00, 'Горілка', TRUE),
(162, 'Beefeater', 'Лондонський сухий джин', 140.00, 50.00, 'Джин', TRUE),
(163, 'Bombay Sapphire', 'Джин із насиченим ароматом', 180.00, 50.00, 'Джин', TRUE),
(164, 'Tanqueray', 'Англійський джин із нотками цитрусових', 170.00, 50.00, 'Джин', TRUE),
(165, 'Hendrick\s', 'Джин із огірковим і квітковим присмаком', 200.00, 50.00, 'Джин', TRUE),
(166, 'Olmeca Blanco', 'Срібна текіла з м’яким смаком', 150.00, 50.00, 'Текіла', TRUE),
(167, 'Olmeca Gold', 'Золота текіла з карамельним присмаком', 160.00, 50.00, 'Текіла', TRUE),
(168, 'Jose Cuervo Especial', 'Класична золота текіла', 170.00, 50.00, 'Текіла', TRUE),
(169, 'Patron Silver', 'Преміальна срібна текіла', 300.00, 50.00, 'Текіла', TRUE),
(170, 'Bacardi Carta Blanca', 'Класичний білий ром', 140.00, 50.00, 'Ром', TRUE),
(171, 'Bacardi Carta Oro', 'Золотий ром із насиченим смаком', 160.00, 50.00, 'Ром', TRUE),
(172, 'Captain Morgan Spiced', 'Ром із пряним смаком', 150.00, 50.00, 'Ром', TRUE),
(173, 'Havana Club Anejo', 'Кубинський витриманий ром', 170.00, 50.00, 'Ром', TRUE),
(174, 'Jack Daniel', 'Американський віскі з карамельним присмаком', 180.00, 50.00, 'Віскі', TRUE),
(175, 'Jameson', 'Ірландський віскі з м’яким смаком', 170.00, 50.00, 'Віскі', TRUE),
(176, 'Chivas Regal', 'Шотландський витриманий віскі', 200.00, 50.00, 'Віскі', TRUE),
(177, 'Glenfiddich', 'Шотландський віскі з фруктовим ароматом', 250.00, 50.00, 'Віскі', TRUE),
(178, 'Macallan', 'Преміальний шотландський віскі', 300.00, 50.00, 'Віскі', TRUE),
(179, 'Heineken', 'Класичне світле пиво нідерландського виробництва', 60.00, 500.00, 'Пиво', TRUE),
(180, 'Stella Artois', 'Світле пиво з м’яким смаком', 70.00, 500.00, 'Пиво', TRUE),
(181, 'Leffe Blonde', 'Бельгійське елітне пиво з фруктовим присмаком', 90.00, 500.00, 'Пиво', TRUE),
(182, 'Guinness', 'Темне ірландське пиво зі смаженими нотками', 110.00, 500.00, 'Пиво', TRUE),
(183, 'Corona Extra', 'Мексиканське світле пиво, подається з лаймом', 85.00, 500.00, 'Пиво', TRUE),
(184, 'Hoegaarden', 'Бельгійське пшеничне пиво з ароматом коріандру', 95.00, 500.00, 'Пиво', TRUE),
(185, 'Budweiser', 'Американське світле пиво преміум класу', 80.00, 500.00, 'Пиво', TRUE),
(186, 'Грог', 'Гарячий напій з рому, чаю та спецій', 120.00, 300.00, 'Гарячі напої', TRUE),
(187, 'Глінтвейн червоний', 'Напій із червоного вина, фруктів та спецій', 130.00, 300.00, 'Гарячі напої', TRUE),
(188, 'Глінтвейн білий', 'Напій із білого вина з цитрусовими нотками', 140.00, 300.00, 'Гарячі напої', TRUE),
(189, 'Ірландська кава', 'Кава з додаванням ірландського віскі та вершків', 150.00, 250.00, 'Гарячі напої', TRUE),
(190, 'Пунш', 'Фруктовий напій на основі вина чи рому', 130.00, 300.00, 'Гарячі напої', TRUE),
(191, 'Тодді', 'Гарячий коктейль із віскі, меду та лимона', 140.00, 250.00, 'Гарячі напої', TRUE),
(192, 'Шоколад із коньяком', 'Гарячий шоколад із додаванням коньяку', 160.00, 250.00, 'Гарячі напої', TRUE);

-- Дані таблиці Orders
INSERT INTO "Orders" ("OrderId", "UserId", "OrderName", "OrderCount", "OrderDate", "Price", "Status") VALUES 
(1, 1, 'Грецький', 1, '2024-11-05 22:02:00.313', 75.00, 'InProgress'),
(2, 1, 'Брускета з лососем', 1, '2024-11-05 22:02:28.697', 165.00, 'InProgress'),
(3, 1, 'Глінтвейн', 1, '2024-11-05 22:02:28.700', 70.00, 'InProgress'),
(4, 1, 'Грецький', 2, '2024-11-05 22:02:28.700', 75.00, 'InProgress'),
(8, 1, 'Грецький', 10, '2024-11-07 20:02:37.897', 75.00, 'InProgress'),
(9, 1, 'Грецький', 11, '2024-11-07 20:03:07.277', 75.00, 'InProgress'),
(10, 1, 'Грецький', 2, '2024-11-07 20:17:45.490', 150.00, 'InProgress'),
(11, 1, 'Zubrowka Biala', 2, '2024-11-07 21:50:29.317', 70.00, 'InProgress'),
(12, 1, 'Сяке Футомакі', 2, '2024-11-07 21:50:29.320', 270.00, 'InProgress'),
(13, 1, 'Грецький', 1, '2024-11-08 21:27:15.020', 75.00, 'InProgress'),
(15, 1, 'Бургер Beef & Сheese', 1, '2024-11-08 21:42:30.213', 200.00, 'InProgress'),
(16, 1, 'Чай у заварнику', 5, '2024-11-08 21:43:56.483', 250.00, 'InProgress'),
(17, 1, 'Чай у заварнику', 2, '2024-11-08 21:44:18.543', 100.00, 'InProgress'),
(18, 1, 'Золотий Дракон', 5, '2024-11-08 21:45:09.847', 1425.00, 'InProgress'),
(19, 1, 'Каліфорнія унагі', 2, '2024-11-08 21:45:09.850', 400.00, 'InProgress'),
(20, 1, 'Сяке Футомакі', 2, '2024-11-08 21:45:09.850', 270.00, 'InProgress'),
(21, 1, 'Ф''южн з тунцем', 2, '2024-11-08 21:45:09.850', 360.00, 'InProgress'),
(22, 1, 'Філадельфія', 1, '2024-11-08 21:45:09.850', 650.00, 'InProgress'),
(23, 12, 'Апельсиновий', 2, '2024-11-10 20:50:09.437', 200.00, 'Completed'),
(24, 12, 'Каліфорнія унагі', 2, '2024-11-10 20:50:09.437', 400.00, 'Completed'),
(25, 12, 'Капричоза', 2, '2024-11-10 20:50:09.440', 280.00, 'Completed'),
(26, 12, 'Грецький', 1, '2024-11-11 18:37:47.030', 75.00, 'Completed'),
(27, 12, 'Грецький', 2, '2024-11-12 11:28:43.530', 150.00, 'InProgress'),
(28, 12, 'Еспресо', 1, '2024-11-12 11:28:43.533', 35.00, 'InProgress'),
(29, 12, 'Капричоза', 2, '2024-11-12 11:28:43.537', 280.00, 'InProgress'),
(30, 12, 'Чай у заварнику', 1, '2024-11-12 11:28:43.540', 50.00, 'InProgress'),
(33, 12, 'Еспресо', 1, '2024-11-16 21:31:33.140', 35.00, 'InProgress'),
(34, 12, 'Мусове тістечко', 1, '2024-11-16 21:31:33.143', 115.00, 'InProgress'),
(37, 1, 'Грецький', 1, '2024-11-16 22:16:45.757', 75.00, 'InProgress'),
(38, 1, 'Гарбузовий крем-суп', 1, '2024-11-16 22:17:42.953', 80.00, 'InProgress'),
(39, 1, 'Малиновий', 1, '2024-11-16 23:11:15.560', 100.00, 'InProgress'),
(40, 1, 'Zubrowka Biala', 2, '2024-11-16 23:20:44.350', 70.00, 'InProgress'),
(41, 1, 'Апельсиновий', 2, '2024-11-16 23:20:44.353', 200.00, 'InProgress'),
(42, 1, 'Сяке Футомакі', 1, '2024-11-17 11:24:39.053', 135.00, 'InProgress');


-- ==========================================
-- 3. ОНОВЛЕННЯ ПОСЛІДОВНОСТЕЙ (SEQUENCES)
-- ==========================================

SELECT setval(pg_get_serial_sequence('"Users"', 'UserId'), coalesce(max("UserId"), 1), max("UserId") IS NOT null) FROM "Users";
SELECT setval(pg_get_serial_sequence('"Menu"', 'MenuItemID'), coalesce(max("MenuItemID"), 1), max("MenuItemID") IS NOT null) FROM "Menu";
SELECT setval(pg_get_serial_sequence('"Orders"', 'OrderId'), coalesce(max("OrderId"), 1), max("OrderId") IS NOT null) FROM "Orders";